InventoryID,Description,MSRP, Price Ref. ,Pre-order Date,Release Date,Tentative Release Date,Manufacturer,QtyFL,Fuente Catalogo
KON83073,Yu-Gi-Oh: Raging Tempest Booster Box,, $ 54.00 ,2016-11-04,2017-02-10,,Konami,5,PHD
KON83103,Yu-Gi-Oh: Pendulum Domination Structure Deck,, $ 6.25 ,2016-10-28,2017-01-20,,Konami,0,PHD
KON83144,Yu-Gi-Oh: Raging Tempest Special Edition,, $ 45.00 ,2016-12-06,2017-03-10,,Konami,3,PHD
KON83255,Yu-Gi-Oh: Duelist Pack- Dimensional Guardians,, $ 40.00 ,2017-03-03,2017-05-26,,Konami,16,PHD
KON83929,Yu-Gi-Oh: 2018 Advent Calendar Box,, $ 11.75 ,2018-05-21,2018-11-02,,Konami,0,PHD
KON83933,Card Sleeves: Yu-Gi-Oh- Kaiba Corporation,, $ 2.40 ,,2018-09-28,,Konami,0,PHD
KON83936,Deckbox: Yu-Gi-Oh- Kaiba Corporation Deck Case,, $ 3.00 ,2018-05-11,2018-09-28,,Konami,0,PHD
KON83943,Yu-Gi-Oh: Powercode Link Structure Deck,, $ 6.25 ,2018-06-01,2018-08-10,,Konami,8,PHD
KON83961,Yu-Gi-Oh: Shadows Over Valhalla Booster Display,, $ 54.00 ,2018-06-04,2018-08-17,,Konami,6,PHD
KON83984,Yu-Gi-Oh: Soul Fusion Booster Display,, $ 54.00 ,2018-07-27,2018-10-19,,Konami,3,PHD
KON88488,Card Sleeves: Yu-Gi-Oh- Card Back Art (50ct),, $ 2.40 ,2019-05-21,2019-09-13,,Konami,30,PHD
PKU80194,Pokémon TCG: Sun & Moon Booster Display,, $ 84.50 ,2016-12-09,2017-02-03,,"Pokemon Company, The",50,PHD
PKU80196,Pokémon TCG: Sun & Moon 3pack,, $ 8.15 ,2016-12-09,2017-02-03,,"Pokemon Company, The",0,PHD
PKU80205,Pokémon TCG: Sun & Moon Launch Box,, $ 263.80 ,2016-12-09,2017-02-03,,"Pokemon Company, The",0,PHD
PKU80209,Pokémon TCG: Legends of Alola Tin,, $ 150.00 ,2017-01-27,2017-03-17,,"Pokemon Company, The",0,PHD
PKU80210,Pokémon: Sun & Moon Trainer Kit- Lycanroc & Alolan Raichu,, $ 6.25 ,2017-03-03,2017-04-21,,"Pokemon Company, The",0,PHD
PKU80212,Pokémon TCG: Collector Chest Tin (Spring 2017),, $ 15.50 ,2017-02-27,2017-04-07,,"Pokemon Company, The",0,PHD
PKU80214,Pokémon TCG: Sun & Moon 2 Guardians Rising Booster Display,, $ 84.50 ,2017-03-13,2017-05-05,,"Pokemon Company, The",50,PHD
PKU80221,Pokémon TCG: Sun & Moon 2 Guardians Rising Starter Decks(QTY of 2),, $ 8.15 ,2017-03-13,2017-05-05,,"Pokemon Company, The",0,PHD
PKU80226,Pokémon TCG: Sun & Moon 2 Guardians Rising Elite Trainer Box,, $ 25.00 ,2017-03-13,2017-05-05,,"Pokemon Company, The",0,PHD
PKU80457,Pokemon TCG: Sun & Moon 8 Lost Thunder 3-Booster Blister,, $ 8.15 ,2018-09-17,2018-11-02,,"Pokemon Company, The",0,PHD
PKU80467,Pokemon TCG: Sun & Moon 8 Lost Thunder Elite Trainer Box,, $ 25.00 ,2018-09-17,2018-11-02,,"Pokemon Company, The",0,PHD
PKU80469,Pokemon TCG: Sun & Moon 8 Lost Thunder Mini Portfolio,, $ 3.25 ,2018-09-17,2018-11-02,,"Pokemon Company, The",0,PHD
PKU80470,Pokémon TCG: Sun & Moon 8 Lost Thunder PRERELEASE Kit,, $ 144.00 ,2018-09-07,2018-10-20,,"Pokemon Company, The",0,PHD
PKU80474,Pokemon TCG: Battle Arena Decks- Rayquaza- GX vs Ultra Necrozma-GX,, $ 12.50 ,2019-08-16,2019-10-04,,The Pokemon Company,0,PHD
PKU80475,Pokemon TCG: Pale Moon-GX Box,, $ 12.50 ,2019-08-16,2019-10-18,,The Pokemon Company,0,PHD
PKU80476,Pokemon TCG: Galar Collection,, $ 12.50 ,2019-09-20,2019-11-15,,"Pokemon Company, The",50,PHD
PKU80477,Pokemon TCG: Hidden Fates Pin Collection—Mewtwo/Mew,, $ 9.35 ,2019-07-05,2019-08-23,,"Pokemon Company, The",0,PHD
PKU80478,Pokemon TCG: Alolan Sandslash-GX Box,, $ 12.50 ,2019-11-15,2020-01-24,,"Pokemon Company, The",0,PHD
PKU80479,Pokemon TCG: Dragon Majesty Elite Trainer Box,, $ 31.25 ,2018-07-27,2018-09-21,,"Pokemon Company, The",0,PHD
PKU80480,Pokémon TCG: Hidden Fates Poké Ball Collection,, $ 31.25 ,2019-08-16,2019-10-04,,"Pokemon Company, The",0,PHD
PKU80481,Pokemon TCG: Hidden Fates Tin (Charizard/Gyarados/Raichu),, $ 12.50 ,2019-07-12,2019-09-06,,"Pokemon Company, The",0,PHD
PKU80482,Pokemon TCG: Hidden Fates Ultra-Premium Collection,, $ 61.25 ,2019-09-06,2019-11-22,,"Pokemon Company, The",0,PHD
PKU80483,Pokemon TCG: Legends of Johto GX Premium Collection,, $ 25.00 ,2018-02-16,2018-04-06,,"Pokemon Company, The",0,PHD
PKU80487,Pokemon TCG: Sun & Moon 9 Team Up Sleeved Booster Display,, $ 56.40 ,2018-12-17,2019-02-01,,"Pokemon Company, The",0,PHD
PKU80488,Pokemon TCG: Sun & Moon 9 Team Up 3-Booster Blister,, $ 8.15 ,2018-12-17,2019-02-01,,"Pokemon Company, The",0,PHD
PKU80565,Pokémon TCG: Sun & Moon 10 Unbroken Bonds PRERELEASE Kit,, $ 144.00 ,2019-03-01,2019-04-20,,"Pokemon Company, The",0,PHD
PKU80568,Pokemon TCG: Sun & Moon 11 Unified Minds Booster Display,, $ 84.50 ,2019-06-14,2019-08-02,,The Pokemon Company,50,PHD
PKU80585,Pokemon TCG: Sun & Moon 11 Unified Minds Build & Battle Box,, $ 12.50 ,2019-06-14,2019-08-02,,The Pokemon Company,8,PHD
PKU80586,Pokémon TCG: Sun & Moon 11 Unified Minds PRERELEASE Kit,, $ 144.00 ,2019-05-30,2019-07-20,,"Pokemon Company, The",1,PHD
PKU80589,Pokemon TCG: Sun & Moon 12 Cosmic Eclipse Booster Display,, $ 84.50 ,2019-09-06,2019-11-01,,The Pokemon Company,50,PHD
PKU80590,Pokemon TCG: Sun & Moon 12 Cosmic Eclipse Sleeved Booster Display (24),, $ 56.40 ,2019-09-06,2019-11-01,,The Pokemon Company,0,PHD
PKU80591,Pokemon TCG: Sun & Moon 12 Cosmic Eclipse 3-Booster Blister,, $ 8.15 ,2019-09-06,2019-11-01,,The Pokemon Company,50,PHD
PKU80633,Pokémon TCG: Detective Pikachu Charizard-GX Special Case File,, $ 15.65 ,2019-02-22,2019-04-05,,"Pokemon Company, The",14,PHD
PKU80636,Pokémon TCG: Detective Pikachu On the Case Figure Collection,, $ 12.50 ,2019-06-14,2019-08-09,,"Pokemon Company, The",50,PHD
PKU80674,Pokémon TCG: Sword & Shield 1 PRERELEASE Kit,, $ 144.00 ,2019-12-02,2020-01-18,,"Pokemon Company, The",0,PHD
PKU80777,Pokemon TCG: Pikachu- GX/Eevee-GX Special Collection,, $ 18.75 ,2019-09-20,2019-11-01,,"Pokemon Company, The",50,PHD
PKU80782,Pokemon TCG: Let's Play Pokémon TCG Box,, $ 12.50 ,2019-11-08,2019-12-06,,"Pokemon Company, The",0,PHD
TSP81745,War of the Spark: Ravnica (Magic: The Gathering Novel),, $ 14.30 ,,2019-04-29,,Wizards of the Coast,0,PHD
WOCB6792DE,MTG: Aether Revolt Booster Box- German,, $ 65.00 ,2016-11-30,2017-01-20,,Wizards of the Coast,0,PHD
WOCB6792FR,MTG: Aether Revolt Booster Box- French,, $ 60.00 ,2016-11-30,2017-01-20,,Wizards of the Coast,0,PHD
WOCB6792JP,MTG: Aether Revolt Booster Box- Japanese,, $ 65.00 ,2016-11-30,2017-01-20,,Wizards of the Coast,0,PHD
WOCB6792KR,MTG: Aether Revolt Booster Box- Korean,, $ 65.00 ,2016-11-30,2017-01-20,,Wizards of the Coast,0,PHD
WOCC2230FR,MTG: Ixalan Booster Box- French,, $ 60.00 ,2017-07-30,2017-09-29,,Wizards of the Coast,20,PHD
WOCC2230JP,MTG: Ixalan Booster Box- Japanese,, $ 63.00 ,2017-07-30,2017-09-29,,Wizards of the Coast,35,PHD
WOCC2230KR,MTG: Ixalan Booster Box- Korean,, $ 63.00 ,2017-07-30,2017-09-29,,Wizards of the Coast,21,PHD
WOCC2230RU,MTG: Ixalan Booster Box- Russian,, $ 60.00 ,2017-07-30,2017-09-29,,Wizards of the Coast,18,PHD
WOCC2232,MTG: Ixalan BUNDLE,, $ 23.25 ,2017-07-30,2017-09-29,,Wizards of the Coast,0,PHD
WOCC2233,MTG: Ixalan Planeswalker Deck Display,, $ 49.85 ,2017-07-30,2017-09-29,,Wizards of the Coast,0,PHD
WOCC2237,"MTG: Gift Pack- Ixalan, Hour of Devastation, Amonkhet",, $ 11.50 ,2017-08-30,2017-10-20,,Wizards of the Coast,0,PHD
WOCC2495,MTG: Explorers of Ixalan Game,, $ 35.75 ,2017-09-30,2017-11-24,,Wizards of the Coast,0,PHD
WOCC2515,MTG: Rivals of Ixalan Booster Box,, $ 84.75 ,2017-11-30,2018-01-19,,Wizards of the Coast,50,PHD
WOCC2515DE,MTG: Rivals of Ixalan Booster Box- German,, $ 55.00 ,2017-11-30,2018-01-19,,Wizards of the Coast,13,PHD
WOCC2515JP,MTG: Rivals of Ixalan Booster Box- Japanese,, $ 55.00 ,2017-11-30,2018-01-19,,Wizards of the Coast,13,PHD
WOCC2515KR,MTG: Rivals of Ixalan Booster Box- Korean,, $ 55.00 ,2017-11-30,2018-01-19,,Wizards of the Coast,15,PHD
WOCC2515RU,MTG: Rivals of Ixalan Booster Box- Russian,, $ 55.00 ,2017-11-30,2018-01-19,,Wizards of the Coast,13,PHD
WOCC2517,MTG: Rivals of Ixalan BUNDLE,, $ 23.25 ,2017-11-30,2018-01-19,,Wizards of the Coast,0,PHD
WOCC2518,MTG: Rivals of Ixalan Planeswalker Deck Display,, $ 49.85 ,2017-11-30,2018-01-19,,Wizards of the Coast,0,PHD
WOCC2520,MTG: Rivals of Ixalan Prerelease Pack,, $ 16.00 ,2017-11-30,2018-01-19,,Wizards of the Coast,0,PHD
WOCC3035,MTG: Duel Decks- Merfolk vs. Goblins Display,, $ 68.25 ,2017-09-30,2017-11-10,,Wizards of the Coast,0,PHD
WOCC5590,MTG: Spellslinger Starter Kit,, $ 8.55 ,2018-09-17,2018-10-05,,Wizards of the Coast,50,PHD
WOCC5727,Transformers TCG: Booster Box,, $ 66.43 ,,2018-09-28,,Wizards of the Coast,24,PHD
WOCC5736,Transformers TCG: Starter Deck,, $ 8.35 ,,2018-09-28,,Wizards of the Coast,50,PHD
WOCC5736DISP,Transformers TCG: Starter Deck Display,, $ 49.90 ,,2018-09-28,,Wizards of the Coast,0,PHD
WOCC5777,MTG: War of the Spark Booster Box,, $ 79.65 ,2019-04-01,2019-05-03,,Wizards of the Coast,50,PHD
WOCC5779,MTG: War of the Spark Bundle,, $ 23.25 ,2019-04-01,2019-05-03,,Wizards of the Coast,0,PHD
WOCC5780,MTG: War of the Spark Planeswalker Deck Display,, $ 49.85 ,2019-04-01,2019-05-03,,Wizards of the Coast,0,PHD
WOCC6022,MTG: M20 Booster Box,, $ 79.65 ,2019-06-01,2019-07-12,,Wizards of the Coast,30,PHD
WOCC6024,MTG: M20 Bundle,, $ 23.25 ,2019-06-01,2019-07-12,,Wizards of the Coast,50,PHD
WOCC6025,MTG: M20 Planeswalker Deck Display,, $ 64.85 ,2019-06-01,2019-07-12,,Wizards of the Coast,30,PHD
WOCC6027,MTG: M20 Prerelease Pack,, $ 16.00 ,2019-06-01,2019-07-05,,Wizards of the Coast,50,PHD
WOCC6028,MTG: M20 Deckbuilders toolkit,, $ 11.50 ,2019-06-01,2019-07-12,,Wizards of the Coast,50,PHD
WOCC6029,MTG: M20 Land Station,, $ 11.10 ,2019-06-01,2019-07-12,,Wizards of the Coast,50,PHD
WOCC6136,MTG: Throne of Eldraine Draft Booster Display,, $ 79.65 ,2019-09-04,2019-10-04,,Wizards of the Coast,50,PHD
WOCC6138,MTG: Throne of Eldraine Bundle,, $ 23.25 ,2019-09-04,2019-10-04,,Wizards of the Coast,50,PHD
WOCC6139,MTG: Throne of Eldraine Planeswalker Deck Display,,$49.85,2019-09-04,2019-10-04,,Wizards of the Coast,50,PHD
WOCC6141,MTG: Throne of Eldraine Prerelease Pack,,$16.00,2019-09-04,2019-09-27,,Wizards of the Coast,50,PHD
WOCC6142,MTG: Throne of Eldraine Theme Booster Display,,$38.80,2019-09-04,2019-10-04,,Wizards of the Coast,50,PHD
WOCC6159,Transformers TCG: Metroplex Deck,,$11.00,2018-10-22,2018-11-16,,Wizards of the Coast,50,PHD
WOCC6254,MTG: Theros Beyond Death Draft Booster Box,,$79.65,2019-12-01,2020-01-24,,Wizards of the Coast,0,PHD
WOCC6256,MTG: Theros Beyond Death Bundle,,$23.25,2019-12-01,2020-01-24,,Wizards of the Coast,0,PHD
WOCC6257,MTG: Theros Beyond Death Planeswalker Deck Display,,$49.85,2019-12-01,2020-01-24,,Wizards of the Coast,0,PHD
WOCC6259,MTG: Theros Beyond Death Prerelease Pack,,$16.00,2019-12-01,2020-01-24,,Wizards of the Coast,0,PHD
WOCC6260,MTG: Theros Beyond Death Theme Booster Display,,$38.80,2019-12-01,2020-01-24,,Wizards of the Coast,0,PHD
WOCC6353,MTG: M20 Theme Booster Display,,$38.80,2019-06-01,2019-07-12,,Wizards of the Coast,50,PHD
WOCC6354,MTG: M20 Spellslinger Starter Kit,,$5.15,2019-06-01,2019-07-12,,Wizards of the Coast,0,PHD
WOCC6435,MTG: Theros Beyond Death Deck Builder's Toolkit,,$11.50,2019-12-01,2020-01-24,,Wizards of the Coast,0,PHD
WOCC6879,MTG: Theros Beyond Death Collector's Booster Display,,$172.75,2019-09-04,2020-01-24,,Wizards of the Coast,0,PHD
WOCC6942,Transformers TCG: War for Cybertron Siege 1 Booster Box,,$66.45,2019-05-01,2019-06-28,,Wizards of the Coast,49,PHD
WOCC7372,Transformers TCG: Blaster vs. Soundwave Deck,,$24.00,2019-08-23,2019-09-20,,Wizards of the Coast,50,PHD
WOCC7443,MTG: Throne of Eldraine Holiday Gift Bundle,,$31.75,2019-10-21,2019-11-15,,Wizards of the Coast,0,PHD
WOCC7646,Transformers TCG: War for Cybertron Siege 2 Booster Box,,$66.45,2019-10-14,2019-11-08,,Wizards of the Coast,38,PHD
,Pokemon Booster Box Guardians Rising,,,,,,,,Manual
,Pokemon Booster Box Lost Thunder,,,,,,,,Manual
,Pokemon Booster Box Team Up,,,,,,,,Manual
,Pokemon Booster Box Unbroken Bonds,,,,,,,,Manual
,Pokemon Booster Box Unified Minds,,,,,,,,Manual
,Pokemon Booster Pack Celestial Storm,,,,,,,,Manual
,Pokemon Premium Powers Collection Box Shining Legends,,,,,,,,Manual
,Pokemon Special Collection Box Dragon Majesty Salamence GX,,,,,,,,Manual
,Pokemon Special Collection Box Dragon Majesty White Kyurem GX,,,,,,,,Manual
,Magic Booster Box Battlebond,,,,,,,,Manual
,Magic Booster Box Core Set 2019,,,,,,,,Manual
,Magic Booster Box Core Set 2020,,,,,,,,Manual
,Magic Booster Box Dominaria,,,,,,,,Manual
,Magic Booster Box Eternal Masters,,,,,,,,Manual
,Magic Booster Box Ixalan,,,,,,,,Manual
,Magic Booster Box Modern Masters 2017,,,,,,,,Manual
,Magic Booster Box Ravnica Allegiance,,,,,,,,Manual
,Magic Booster Box Rivals of Ixalan Español,,,,,,,,Manual
,Magic Booster Box Rivals of Ixalan,,,,,,,,Manual
,Magic Booster Box Throne of Eldraine Español,,,,,,,,Manual
,Magic Booster Box Throne of Eldraine,,,,,,,,Manual
,Magic Booster Box War of the Spark Español,,,,,,,,Manual
,Magic Booster Pack Core Set 2019,,,,,,,,Manual
,Magic Commander Anthology 2 Deck Box,,,,,,,,Manual
,Magic Deck Challenger Deck 2018 Counter Surge,,,,,,,,Manual
,Magic Deck Challenger Deck 2018 Second Sun Control,,,,,,,,Manual
,Chessex Dice Bag Pound-O-Dice Bolsa 1lb (80-100 dados al azar),,,,,,,,Manual
,ARCHENEMY Nicol Bolas Magic  Box,,$38.95,,,,,,Ebay/Amz
,Commander 2017 Magic SET OF ALL 4 DECKS,,$169.95,,,,,,Ebay/Amz
,Duelist Pack BATTLE CITY Booster Box Yu-Gi-Oh!,,$107.99,,,,,,Ebay/Amz
,Duelist Pack Battle City Booster Box YUGIOH,,$69.99,,,,,,Ebay/Amz
,GENERATIONS Elite Trainer Box POKEMON,,$68.10,,,,,,Ebay/Amz
,Generations Elite Trainer POKEMON BOX 10 Generations booster,,$24.99,,,,,,Ebay/Amz
,Khans of Tarkir Magic Booster Box MTG,,$23.55,,,,,,Ebay/Amz
,Magic  Commander 2017 Deck Feline Ferocity,,$74.95,,,,,,Ebay/Amz
,Magic 2017 COMMANDER 4 DECK SET BOX DECKS,,$84.45,,,,,,Ebay/Amz
,Magic Commander 2016 Deck Entropic Uprising,,$74.99,,,,,,Ebay/Amz
,Magic Commander 2017 Vampiric Bloodlust Deck MTG,,$69.69,,,,,,Ebay/Amz
,Pokemon Red Blue collection promos Venusaur Charizard Blastoise Pikachu EX,,$23.02,,,,,,Ebay/Amz
,Pokemon SET of 3 Legendary Battle Decks Articuno Zapdos Moltres,,$159.95,,,,,,Ebay/Amz
,Pokemon Shining Legends Super Premium Ho-Oh Collection Box,,$60.25,,,,,,Ebay/Amz
,Pokemon XY Breakpoint Elite Trainer Box,,$39.50,,,,,,Ebay/Amz
,Pokemon XY Generations 18 Booster,,$28.95,,,,,,Ebay/Amz
,Pokemon XY Steam Siege Elite Trainer Box,,$38.84,,,,,,Ebay/Amz
,Pokemon XY12 Evolutions Mega Charizard Elite Trainer Box,,$38.90,,,,,,Ebay/Amz
,Pokémon 2007 World Championship Deck Legendary Ascent For,,$90.80,,,,,,Ebay/Amz
,Pokémon Breakthrough Elite Trainer Box Mega Mewtwo,,$70.85,,,,,,Ebay/Amz
,Ultra Pro 9-Pocket Pages Platinum 100 Pages,,$51.39,,,,,,Ebay/Amz
,Ultra Pro My Little Pony Supplies Rainbow Dash Deck Protector Standard Sleeves,,$23.24,,,,,,Ebay/Amz
,Ultra Pro PRO-Binder 4-Pocket Black,,$10.69,,,,,,Ebay/Amz
,YUGIOH BATTLES OF LEGEND LIGHT'S REVENGE BOOSTER BOX,,$48.02,,,,,,Ebay/Amz
,YUGIOH Battles of Legend Light's Revenge Booster Box,,$99.98,,,,,,Ebay/Amz
,YUGIOH DARK SAVIORS BOOSTER BOX,,$65.99,,,,,,Ebay/Amz
,Yugioh Yu-Gi-Oh! Extreme Force Booster Box 24ct,,$124.00,,,,,,Ebay/Amz
,Yugioh pegasus starter Deck,,$90.80,,,,,,Ebay/Amz
CHX001LB,Pound-o-Dice (80-100),,$17.50,,,,,,Compras Coqui
PKU80061,POK: Mega Mewtwo Collection,,$10.75,,,,,,Compras Coqui
PKU80069,Pokémon TCG: XY09 Breakpoint Booster Box,,$82.00,,,,,,Compras Coqui
PKU80094,Pokémon TCG: Mythical Keldeo Collectio,,$4.00,,,,,,Compras Coqui
PKU80094,POK: Mythical Keldeo Collectio,,$7.35,,,,,,Compras Coqui
PKU80297,Pokemon TCG: Espeon-GX or Umbreon-GX Premium Collection,,$21.00,,,,,,Compras Coqui
PKU80301,Pokémon TCG:Legendary Battle Deck- Ho-Oh / Lugia,,$10.25,,,,,,Compras Coqui
PKU80316,Pokémon TCG: Alolan Raichu Figure Collection,,$10.50,,,,,,Compras Coqui
PKU80319,Pokémon TCG: Shining Legends Elite Trainer Box,,$25.50,,,,,,Compras Coqui
PKU80547,Pokemon TCG:  Sun & Moon 10 Unbroken Bonds Booster Display,,$84.50,,,,,,Compras Coqui
PKU80547,Pokemon TCG:  Sun & Moon 10 Unbroken Bonds Booster Display,,$75.60,,,,,,Compras Coqui
PKU80547SP,Pokemon TCG:Spanish Sun & Moon 10 Unbroken Bonds Booster Display,,$75.60,,,,,,Compras Coqui
PKU80563,Pokemon TCG: Sun & Moon 10 Unbroken Bonds Elite Trainer Box,,$21.25,,,,,,Compras Coqui
PKU80568,Pokemon TCG: Sun & Moon 11 Unified Minds Booster Display,,$81.75,,,,,,Compras Coqui
PKU80584,Pokemon TCG: Sun & Moon 11 Unified Minds Elite Trainer Box,,$23.00,,,,,,Compras Coqui
PKU80589,Pokemon TCG: Sun & Moon 12 Cosmic Eclipse Booster Display,,$81.75,,,,,,Compras Coqui
PKU80605,Pokemon TCG: Sun & Moon 12 Cosmic Eclipse Elite Trainer Box,,$23.75,,,,,,Compras Coqui
UPR81126,Card Sleeves: Penny Card Sleeves (100),,$0.50,,,,,,Compras Coqui
UPR81320,Page: 9-Pocket 2.5x3.5 Prem (100),,$11.00,,,,,,Compras Coqui
UPR81320,Page:  9pkt 2.5x3.5 Prem (100),,$11.00,,,,,,Compras Coqui
UPR83423,Page:  9pkt Prem 11 hole (100),,$10.00,,,,,,Compras Coqui
WOCA7456,MTG: Khans of Tarkir Booster Box,,$107.50,,,,,,Compras Coqui
WOCB7674,MTG: Commander Anthology,,$91.50,,,,,,Compras Coqui
WOCC0252,MTG: Amonkhet BST Box,,$76.32,,,,,,Compras Coqui
WOCC0252SP,MTG: SP Amonkhet BST Box,,$82.32,,,,,,Compras Coqui
WOCC0252SP,MTG: SP Amonkhet BST Box,,$74.52,,,,,,Compras Coqui
WOCC1931,MTG: Modern Masters 2017,,$135.00,,,,,,Compras Coqui
WOCC2230,MTG: Ixalan Booster Box,,$79.65,,,,,,Compras Coqui
WOCC2230,MTG: Ixalan BST Box,,$76.32,,,,,,Compras Coqui
WOCC2230SP,MTG: SP Ixalan BST Box,,$74.52,,,,,,Compras Coqui
WOCC2515,MTG: Rivals of  Ixalan BST Box,,$76.32,,,,,,Compras Coqui
WOCC2515SP,MTG: SP Rivals of  Ixalan BST Box,,$74.52,,,,,,Compras Coqui
WOCC3029,MTG: Iconic Masters Booster Display,,$147.50,,,,,,Compras Coqui
WOCC3029,MTG: Iconic Masters Booster Display,,$135.00,,,,,,Compras Coqui
WOCC3040,MTG: Commander Box 2017 Display,,$95.00,,,,,,Compras Coqui
WOCC3040,MTG: Commander Box 2017 Display,,$83.00,,,,,,Compras Coqui
WOCC3040,MTG: Commander Box 2017 Display,,$76.50,,,,,,Compras Coqui
WOCC3489,MTG: Dominaria Booster Box,,$82.32,,,,,,Compras Coqui
WOCC6073,MTG: Modern Horizons Booster Box,,$155.00,,,,,,Compras Coqui
WOCC6136,MTG: Throne of Eldraine Booster Box,,$76.32,,,,,,Compras Coqui
WOCC6136SP,MTG: Spanish Throne of Eldraine Booster Box,,$74.52,,,,,,Compras Coqui
WOCC6275,MTG: Challenger Deck- Challenger Deck Display 2019,,$132.50,,,,,,Compras Coqui
WOCC6499,MTG: Commander 2019 Set of 4,,$95.00,,,,,,Compras Coqui
WOCC6499SP,MTG: Spanish Commander 2019 Set of 4,,$90.00,,,,,,Compras Coqui